topic,count
worth,1
band,4
marcie,2
stretched,1
straps,1
top,2
wings,1
armpit,3
stabbing,2
shorter,1
wires,8
stiff,2
lily,1
stabs,5
lot,1
find,1
issue,2
hurt,1
gore,3
sternum,1
size,5
bra,4
shot,2
give,2
altered,2
fit,4
bra's,2
stab,3
ribs,1
eventually,1
break,1
bend,2
single,1
underwires,2
worked,2
ribcage,2
pretty,2
decide,1
separate,1
digging,1
post,1
people,1
style,1
mention,1
god,2
plunges,2
balconette,2
stabbed,3
seams,2
sit,2
start,2
bras,4
thought,1
selfeffacing,1
recurring,1
words,1
sunshine,1
subreddit,1
mod,1
multicultural,1
face,1
wide,1
short,1
narrow,1
elomi,1
pull,2
center,2
reading,2
spence,1
history,1
day,1
cups,1
underwire,1
spilling,1
breasts,1
fits,1
prefer,1
looser,1
large,1
high,1
pain,2
properly,1
cup,1
fern,1
wire,1
goddess,1
em,1
fb,1
space,1
tip,1
service,1
